[
    {
        "name": "Will Smith",
        "gender": "Male",
        "country": "USA"
    },
    {
        "name": "Jackline Joy",
        "gender": "Female",
        "country": "Sri Lanak"
    },
    {
        "name": "Alu Arjun",
        "gender": "Male",
        "country": "India"
    },
    {
        "name": "Kavitha Kumar",
        "gender": "Female",
        "country": "India"
    },
    {
        "name": "John Snow",
        "gender": "Male",
        "country": "United Kingdom"
    },
    {
        "name": "Priya kanana",
        "gender": "Female",
        "country": "India"
    },
    {
        "name": "Shri Devi",
        "gender": "Female",
        "country": "Sri Lanka"
    },
    {
        "name": "Richard Roy",
        "gender": "Male",
        "country": "France"
    },
    {
        "name": "Sonu Nigam",
        "gender": "Male",
        "country": "India"
    },
    {
        "name": "Priya Dutt",
        "gender": "Female",
        "country": "USA"
    }
]